Year,Month,model,nug,psill,range,kappa
1997,1,Exp,2722.24981529951,0,5.52994069351761,0
1997,2,Ste,1006.0241254114,5947.28316572555,120.721890492532,1.2
1997,3,Ste,390.796628901143,631.905158872282,7.35618746700687,10
1997,4,Ste,11.9685556005131,110.209957290206,3.57986124640589,0.3
1997,5,Ste,210.194467116308,354.632623710232,13.179429367662,10
1997,6,Ste,0,235.19271738963,6.65997313598324,0.4
1997,7,Ste,816.328737667247,2680.5504337064,0.256385347167638,1.8
1997,8,Ste,16.3049894775092,1108.64297731308,9.95708402732249,0.4
1997,9,Ste,0.374207768276386,1923.22822352573,6.79214839842346,0.5
1997,10,Ste,9310.35333395452,0,5.91315377441388,2
1997,11,Ste,2660.49890148041,2955.20775763011,27.5887596612976,5
1997,12,Sph,307.758871574827,1,5.70143459014904,0
