Year,Month,model,nug,psill,range,kappa
1997,7,Ste,0,6866495.64008113,80.751601374236,5
1997,8,Exp,107107.413339271,479526.101652764,38.605315289388,0
1997,9,Exp,65388.0515450094,138635.652136699,27.0296460528602,0
1997,11,Ste,0,5675492.40050183,144.885832264078,1.3
1997,12,Ste,0,334157.060856162,16.601549015189,10
